question,result,evidence,conclusion
"Command run from TSF repo root",yes,"Failed invocation working directory was C:\Users\codex-agent\Documents\Vacation\Thousand-Sunny-Fleet.","Not the blocker."
"Command used --cd TSF repo",yes,"Failed command included --cd <TSF repo>.","Not the blocker."
"Command used correct sandbox flag syntax",yes,"Local help accepts --sandbox workspace-write.","Not the blocker."
"Mission allowed fixture write path",yes,"allowed_writes contained tests/fixtures/fleet/enforcement-kernel/worker-output/workspace_write_fixture_worker_result.txt only.","Not the blocker."
"Approval ledger allowed fixture output folder",yes,"Approval matched exact action and allowed tests/fixtures/fleet/enforcement-kernel/worker-output.","Not the blocker."
"Kernel preflight passed",yes,"preflight_verdict GREEN; preflight_approved true.","Not the blocker."
"Role-aware preflight passed",yes,"role_preflight_verdict GREEN; role_preflight_approved true.","Not the blocker."
"Fixture output directory existed",yes,"tests/fixtures/fleet/enforcement-kernel/worker-output resolved successfully.","Not the blocker."
"Fixture output directory writable by normal shell",yes,"Temporary diagnostic file create/remove probe passed.","Not the blocker."
"Project rule files forced read-only",no,"No TSF AGENTS.md, .rules, *.rules, execpolicy, or exec-policy files found.","Not the blocker."
"User config was ignored",yes,"Command used --ignore-user-config.","Likely blocker because it bypassed trusted project and Windows sandbox config."
"User config contains TSF trust",yes,"[projects.'c:\users\codex-agent\documents\vacation\thousand-sunny-fleet'] trust_level = trusted.","Should be preserved in next retry."
"User config contains Windows sandbox setting",yes,"[windows] sandbox = elevated.","Should be preserved in next retry."
"User config contains invalid service_tier",yes,"service_tier = flex previously caused Unsupported service_tier.","Override with -c service_tier=null rather than editing config."
